Run,treatment
SRR12682144,"infected\, 12hpi"
SRR12682148,"infected\, 12hpi"
SRR12682152,"infected\, 12hpi"
SRR12682156,"infected\, 12hpi"
SRR12682145,"infected\, 16hpi"
SRR12682149,"infected\, 16hpi"
SRR12682153,"infected\, 16hpi"
SRR12682157,"infected\, 16hpi"
SRR12682099,"infected\, 1hpi"
SRR12682104,"infected\, 1hpi"
SRR12682109,"infected\, 1hpi"
SRR12682114,"infected\, 1hpi"
SRR12682146,"infected\, 24hpi"
SRR12682150,"infected\, 24hpi"
SRR12682154,"infected\, 24hpi"
SRR12682158,"infected\, 24hpi"
SRR12682100,"infected\, 2hpi"
SRR12682105,"infected\, 2hpi"
SRR12682110,"infected\, 2hpi"
SRR12682115,"infected\, 2hpi"
SRR12682147,"infected\, 36hpi"
SRR12682151,"infected\, 36hpi"
SRR12682155,"infected\, 36hpi"
SRR12682159,"infected\, 36hpi"
SRR12682101,"infected\, 4hpi"
SRR12682106,"infected\, 4hpi"
SRR12682111,"infected\, 4hpi"
SRR12682116,"infected\, 4hpi"
