Run,assay,Assay Type,AvgSpotLen,Bases,BioProject,BioRep,BioSample,Bytes,Center Name,Consent,DATASTORE filetype,DATASTORE provider,DATASTORE region,Experiment,GEO_Accession (exp),Instrument,LibraryLayout,LibrarySelection,LibrarySource,Organism,Platform,ReleaseDate,create_date,version,Sample Name,source_name,SRA Study,treatment,cell_line,Concentration,rnase,cell
SRR12682097,mRNA-seq,RNA-Seq,101,2691807661,PRJNA661467,rep1,SAMN16230092,1304126965,GEO,public,"fastq,run.zq,sra","gs,ncbi,s3","gs.us-east1,ncbi.public,s3.us-east-1",SRX9162231,GSM4796073,Illumina HiSeq 2500,SINGLE,cDNA,TRANSCRIPTOMIC,Homo sapiens,ILLUMINA,2021-07-17T00:00:00Z,2020-09-21T10:12:00Z,1,GSM4796073,Epithelial cell in human lung adenocarcinoma,SRP280103,uninfected,Calu-3,,,
SRR12682098,mRNA-seq,RNA-Seq,101,2645649550,PRJNA661467,rep1,SAMN16230089,1314184122,GEO,public,"fastq,run.zq,sra","gs,ncbi,s3","gs.us-east1,ncbi.public,s3.us-east-1",SRX9162232,GSM4796074,Illumina HiSeq 2500,SINGLE,cDNA,TRANSCRIPTOMIC,Homo sapiens,ILLUMINA,2021-07-17T00:00:00Z,2020-09-21T10:13:00Z,1,GSM4796074,Epithelial cell in human lung adenocarcinoma,SRP280103,"infected\, 0hpi",Calu-3,MOI 10,,
SRR12682099,mRNA-seq,RNA-Seq,101,2950186770,PRJNA661467,rep1,SAMN16230088,1422758343,GEO,public,"fastq,run.zq,sra","gs,ncbi,s3","gs.us-east1,ncbi.public,s3.us-east-1",SRX9162233,GSM4796075,Illumina HiSeq 2500,SINGLE,cDNA,TRANSCRIPTOMIC,Homo sapiens,ILLUMINA,2021-07-17T00:00:00Z,2020-09-21T10:14:00Z,1,GSM4796075,Epithelial cell in human lung adenocarcinoma,SRP280103,"infected\, 1hpi",Calu-3,MOI 10,,
SRR12682100,mRNA-seq,RNA-Seq,101,2769017515,PRJNA661467,rep1,SAMN16230085,1327875625,GEO,public,"fastq,run.zq,sra","gs,ncbi,s3","gs.us-east1,ncbi.public,s3.us-east-1",SRX9162234,GSM4796076,Illumina HiSeq 2500,SINGLE,cDNA,TRANSCRIPTOMIC,Homo sapiens,ILLUMINA,2021-07-17T00:00:00Z,2020-09-21T10:13:00Z,1,GSM4796076,Epithelial cell in human lung adenocarcinoma,SRP280103,"infected\, 2hpi",Calu-3,MOI 10,,
SRR12682101,mRNA-seq,RNA-Seq,101,2357175976,PRJNA661467,rep1,SAMN16230083,1132785539,GEO,public,"fastq,run.zq,sra","gs,ncbi,s3","gs.us-east1,ncbi.public,s3.us-east-1",SRX9162235,GSM4796077,Illumina HiSeq 2500,SINGLE,cDNA,TRANSCRIPTOMIC,Homo sapiens,ILLUMINA,2021-07-17T00:00:00Z,2020-09-21T10:13:00Z,1,GSM4796077,Epithelial cell in human lung adenocarcinoma,SRP280103,"infected\, 4hpi",Calu-3,MOI 10,,
SRR12682102,mRNA-seq,RNA-Seq,101,2579095095,PRJNA661467,rep2,SAMN16230081,1207376957,GEO,public,"fastq,run.zq,sra","gs,ncbi,s3","gs.us-east1,ncbi.public,s3.us-east-1",SRX9162236,GSM4796078,Illumina HiSeq 2500,SINGLE,cDNA,TRANSCRIPTOMIC,Homo sapiens,ILLUMINA,2021-07-17T00:00:00Z,2020-09-21T10:13:00Z,1,GSM4796078,Epithelial cell in human lung adenocarcinoma,SRP280103,uninfected,Calu-3,,,
SRR12682103,mRNA-seq,RNA-Seq,101,2521200784,PRJNA661467,rep2,SAMN16230080,1180247424,GEO,public,"fastq,run.zq,sra","gs,ncbi,s3","gs.us-east1,ncbi.public,s3.us-east-1",SRX9162237,GSM4796079,Illumina HiSeq 2500,SINGLE,cDNA,TRANSCRIPTOMIC,Homo sapiens,ILLUMINA,2021-07-17T00:00:00Z,2020-09-21T10:13:00Z,1,GSM4796079,Epithelial cell in human lung adenocarcinoma,SRP280103,"infected\, 0hpi",Calu-3,MOI 10,,
SRR12682104,mRNA-seq,RNA-Seq,101,2719275318,PRJNA661467,rep2,SAMN16230079,1280038973,GEO,public,"fastq,run.zq,sra","gs,ncbi,s3","gs.us-east1,ncbi.public,s3.us-east-1",SRX9162238,GSM4796080,Illumina HiSeq 2500,SINGLE,cDNA,TRANSCRIPTOMIC,Homo sapiens,ILLUMINA,2021-07-17T00:00:00Z,2020-09-21T10:13:00Z,1,GSM4796080,Epithelial cell in human lung adenocarcinoma,SRP280103,"infected\, 1hpi",Calu-3,MOI 10,,
SRR12682105,mRNA-seq,RNA-Seq,101,2191958863,PRJNA661467,rep2,SAMN16230078,1027455775,GEO,public,"fastq,run.zq,sra","gs,ncbi,s3","gs.us-east1,ncbi.public,s3.us-east-1",SRX9162239,GSM4796081,Illumina HiSeq 2500,SINGLE,cDNA,TRANSCRIPTOMIC,Homo sapiens,ILLUMINA,2021-07-17T00:00:00Z,2020-09-21T10:12:00Z,1,GSM4796081,Epithelial cell in human lung adenocarcinoma,SRP280103,"infected\, 2hpi",Calu-3,MOI 10,,
SRR12682106,mRNA-seq,RNA-Seq,101,2570122053,PRJNA661467,rep2,SAMN16230077,1206282992,GEO,public,"fastq,run.zq,sra","gs,ncbi,s3","gs.us-east1,ncbi.public,s3.us-east-1",SRX9162240,GSM4796082,Illumina HiSeq 2500,SINGLE,cDNA,TRANSCRIPTOMIC,Homo sapiens,ILLUMINA,2021-07-17T00:00:00Z,2020-09-21T10:12:00Z,1,GSM4796082,Epithelial cell in human lung adenocarcinoma,SRP280103,"infected\, 4hpi",Calu-3,MOI 10,,
SRR12682107,mRNA-seq,RNA-Seq,101,3080365872,PRJNA661467,rep1,SAMN16230076,1547148633,GEO,public,"fastq,run.zq,sra","gs,ncbi,s3","gs.us-east1,ncbi.public,s3.us-east-1",SRX9162241,GSM4796083,Illumina HiSeq 2500,SINGLE,cDNA,TRANSCRIPTOMIC,Homo sapiens,ILLUMINA,2021-07-17T00:00:00Z,2020-09-21T10:14:00Z,1,GSM4796083,Epithelial cell in human lung adenocarcinoma,SRP280103,uninfected,Calu-3,,,
SRR12682108,mRNA-seq,RNA-Seq,101,2985905521,PRJNA661467,rep1,SAMN16230075,1543494826,GEO,public,"fastq,run.zq,sra","gs,ncbi,s3","gs.us-east1,ncbi.public,s3.us-east-1",SRX9162242,GSM4796084,Illumina HiSeq 2500,SINGLE,cDNA,TRANSCRIPTOMIC,Homo sapiens,ILLUMINA,2021-07-17T00:00:00Z,2020-09-21T10:14:00Z,1,GSM4796084,Epithelial cell in human lung adenocarcinoma,SRP280103,"infected\, 0hpi",Calu-3,MOI 10,,
SRR12682109,mRNA-seq,RNA-Seq,101,3298745648,PRJNA661467,rep1,SAMN16230074,1650022768,GEO,public,"fastq,run.zq,sra","gs,ncbi,s3","gs.us-east1,ncbi.public,s3.us-east-1",SRX9162243,GSM4796085,Illumina HiSeq 2500,SINGLE,cDNA,TRANSCRIPTOMIC,Homo sapiens,ILLUMINA,2021-07-17T00:00:00Z,2020-09-21T10:15:00Z,1,GSM4796085,Epithelial cell in human lung adenocarcinoma,SRP280103,"infected\, 1hpi",Calu-3,MOI 10,,
SRR12682110,mRNA-seq,RNA-Seq,101,2804891301,PRJNA661467,rep1,SAMN16230073,1408951949,GEO,public,"fastq,run.zq,sra","gs,ncbi,s3","gs.us-east1,ncbi.public,s3.us-east-1",SRX9162244,GSM4796086,Illumina HiSeq 2500,SINGLE,cDNA,TRANSCRIPTOMIC,Homo sapiens,ILLUMINA,2021-07-17T00:00:00Z,2020-09-21T10:13:00Z,1,GSM4796086,Epithelial cell in human lung adenocarcinoma,SRP280103,"infected\, 2hpi",Calu-3,MOI 10,,
SRR12682111,mRNA-seq,RNA-Seq,101,2742379775,PRJNA661467,rep1,SAMN16230072,1372572832,GEO,public,"fastq,run.zq,sra","gs,ncbi,s3","gs.us-east1,ncbi.public,s3.us-east-1",SRX9162302,GSM4796087,Illumina HiSeq 2500,SINGLE,cDNA,TRANSCRIPTOMIC,Homo sapiens,ILLUMINA,2021-07-17T00:00:00Z,2020-09-21T10:13:00Z,1,GSM4796087,Epithelial cell in human lung adenocarcinoma,SRP280103,"infected\, 4hpi",Calu-3,MOI 10,,
SRR12682112,mRNA-seq,RNA-Seq,101,2915008167,PRJNA661467,rep2,SAMN16230071,1473414621,GEO,public,"fastq,run.zq,sra","gs,ncbi,s3","gs.us-east1,ncbi.public,s3.us-east-1",SRX9162303,GSM4796088,Illumina HiSeq 2500,SINGLE,cDNA,TRANSCRIPTOMIC,Homo sapiens,ILLUMINA,2021-07-17T00:00:00Z,2020-09-21T10:13:00Z,1,GSM4796088,Epithelial cell in human lung adenocarcinoma,SRP280103,uninfected,Calu-3,,,
SRR12682113,mRNA-seq,RNA-Seq,101,2918457519,PRJNA661467,rep2,SAMN16230070,1462802877,GEO,public,"fastq,run.zq,sra","gs,ncbi,s3","gs.us-east1,ncbi.public,s3.us-east-1",SRX9162304,GSM4796089,Illumina HiSeq 2500,SINGLE,cDNA,TRANSCRIPTOMIC,Homo sapiens,ILLUMINA,2021-07-17T00:00:00Z,2020-09-21T10:13:00Z,1,GSM4796089,Epithelial cell in human lung adenocarcinoma,SRP280103,"infected\, 0hpi",Calu-3,MOI 10,,
SRR12682114,mRNA-seq,RNA-Seq,101,3073579177,PRJNA661467,rep2,SAMN16230069,1548398140,GEO,public,"fastq,run.zq,sra","gs,ncbi,s3","gs.us-east1,ncbi.public,s3.us-east-1",SRX9162305,GSM4796090,Illumina HiSeq 2500,SINGLE,cDNA,TRANSCRIPTOMIC,Homo sapiens,ILLUMINA,2021-07-17T00:00:00Z,2020-09-21T10:13:00Z,1,GSM4796090,Epithelial cell in human lung adenocarcinoma,SRP280103,"infected\, 1hpi",Calu-3,MOI 10,,
SRR12682115,mRNA-seq,RNA-Seq,101,3100470629,PRJNA661467,rep2,SAMN16230068,1555221865,GEO,public,"fastq,run.zq,sra","gs,ncbi,s3","gs.us-east1,ncbi.public,s3.us-east-1",SRX9162306,GSM4796091,Illumina HiSeq 2500,SINGLE,cDNA,TRANSCRIPTOMIC,Homo sapiens,ILLUMINA,2021-07-17T00:00:00Z,2020-09-21T10:14:00Z,1,GSM4796091,Epithelial cell in human lung adenocarcinoma,SRP280103,"infected\, 2hpi",Calu-3,MOI 10,,
SRR12682116,mRNA-seq,RNA-Seq,101,2855615420,PRJNA661467,rep2,SAMN16230118,1430609410,GEO,public,"fastq,run.zq,sra","gs,ncbi,s3","gs.us-east1,ncbi.public,s3.us-east-1",SRX9162307,GSM4796092,Illumina HiSeq 2500,SINGLE,cDNA,TRANSCRIPTOMIC,Homo sapiens,ILLUMINA,2021-07-17T00:00:00Z,2020-09-21T10:14:00Z,1,GSM4796092,Epithelial cell in human lung adenocarcinoma,SRP280103,"infected\, 4hpi",Calu-3,MOI 10,,
SRR12682117,RPF-seq,OTHER,51,1495404354,PRJNA661467,rep1,SAMN16230117,729331682,GEO,public,"fastq,run.zq,sra","gs,ncbi,s3","gs.us-east1,ncbi.public,s3.us-east-1",SRX9162308,GSM4796093,Illumina HiSeq 2500,SINGLE,other,TRANSCRIPTOMIC,Homo sapiens,ILLUMINA,2021-07-17T00:00:00Z,2020-09-21T10:12:00Z,1,GSM4796093,Epithelial cell in human lung adenocarcinoma,SRP280103,uninfected,Calu-3,,5U,
SRR12682118,RPF-seq,OTHER,51,1432505187,PRJNA661467,rep1,SAMN16230116,703425101,GEO,public,"fastq,run.zq,sra","gs,ncbi,s3","gs.us-east1,ncbi.public,s3.us-east-1",SRX9162309,GSM4796094,Illumina HiSeq 2500,SINGLE,other,TRANSCRIPTOMIC,Homo sapiens,ILLUMINA,2021-07-17T00:00:00Z,2020-09-21T10:12:00Z,1,GSM4796094,Epithelial cell in human lung adenocarcinoma,SRP280103,"infected\, 0hpi",Calu-3,MOI 10,5U,
SRR12682119,RPF-seq,OTHER,51,1393451070,PRJNA661467,rep1,SAMN16230115,669878825,GEO,public,"fastq,run.zq,sra","gs,ncbi,s3","gs.us-east1,ncbi.public,s3.us-east-1",SRX9162229,GSM4796095,Illumina HiSeq 2500,SINGLE,other,TRANSCRIPTOMIC,Homo sapiens,ILLUMINA,2021-07-17T00:00:00Z,2020-09-21T10:12:00Z,1,GSM4796095,Epithelial cell in human lung adenocarcinoma,SRP280103,"infected\, 1hpi",Calu-3,MOI 10,5U,
SRR12682120,RPF-seq,OTHER,51,1395470721,PRJNA661467,rep1,SAMN16230114,684462107,GEO,public,"fastq,run.zq,sra","gs,ncbi,s3","gs.us-east1,ncbi.public,s3.us-east-1",SRX9162230,GSM4796096,Illumina HiSeq 2500,SINGLE,other,TRANSCRIPTOMIC,Homo sapiens,ILLUMINA,2021-07-17T00:00:00Z,2020-09-21T10:13:00Z,1,GSM4796096,Epithelial cell in human lung adenocarcinoma,SRP280103,"infected\, 2hpi",Calu-3,MOI 10,5U,
SRR12682121,RPF-seq,OTHER,51,1478885250,PRJNA661467,rep1,SAMN16230113,721687846,GEO,public,"fastq,run.zq,sra","gs,ncbi,s3","gs.us-east1,ncbi.public,s3.us-east-1",SRX9162310,GSM4796097,Illumina HiSeq 2500,SINGLE,other,TRANSCRIPTOMIC,Homo sapiens,ILLUMINA,2021-07-17T00:00:00Z,2020-09-21T10:13:00Z,1,GSM4796097,Epithelial cell in human lung adenocarcinoma,SRP280103,"infected\, 4hpi",Calu-3,MOI 10,5U,
SRR12682122,RPF-seq,OTHER,51,1322521086,PRJNA661467,rep2,SAMN16230097,645623132,GEO,public,"fastq,run.zq,sra","gs,ncbi,s3","gs.us-east1,ncbi.public,s3.us-east-1",SRX9162311,GSM4796098,Illumina HiSeq 2500,SINGLE,other,TRANSCRIPTOMIC,Homo sapiens,ILLUMINA,2021-07-17T00:00:00Z,2020-09-21T10:12:00Z,1,GSM4796098,Epithelial cell in human lung adenocarcinoma,SRP280103,uninfected,Calu-3,,5U,
SRR12682123,RPF-seq,OTHER,51,1343089590,PRJNA661467,rep2,SAMN16230096,650387092,GEO,public,"fastq,run.zq,sra","gs,ncbi,s3","gs.us-east1,ncbi.public,s3.us-east-1",SRX9162312,GSM4796099,Illumina HiSeq 2500,SINGLE,other,TRANSCRIPTOMIC,Homo sapiens,ILLUMINA,2021-07-17T00:00:00Z,2020-09-21T10:12:00Z,1,GSM4796099,Epithelial cell in human lung adenocarcinoma,SRP280103,"infected\, 0hpi",Calu-3,MOI 10,5U,
SRR12682124,RPF-seq,OTHER,51,1362946746,PRJNA661467,rep2,SAMN16230095,655485076,GEO,public,"fastq,run.zq,sra","gs,ncbi,s3","gs.us-east1,ncbi.public,s3.us-east-1",SRX9162313,GSM4796100,Illumina HiSeq 2500,SINGLE,other,TRANSCRIPTOMIC,Homo sapiens,ILLUMINA,2021-07-17T00:00:00Z,2020-09-21T10:13:00Z,1,GSM4796100,Epithelial cell in human lung adenocarcinoma,SRP280103,"infected\, 1hpi",Calu-3,MOI 10,5U,
SRR12682125,RPF-seq,OTHER,51,1386518436,PRJNA661467,rep2,SAMN16230094,651760507,GEO,public,"fastq,run.zq,sra","gs,ncbi,s3","gs.us-east1,ncbi.public,s3.us-east-1",SRX9162314,GSM4796101,Illumina HiSeq 2500,SINGLE,other,TRANSCRIPTOMIC,Homo sapiens,ILLUMINA,2021-07-17T00:00:00Z,2020-09-21T10:12:00Z,1,GSM4796101,Epithelial cell in human lung adenocarcinoma,SRP280103,"infected\, 2hpi",Calu-3,MOI 10,5U,
SRR12682126,RPF-seq,OTHER,51,1563992112,PRJNA661467,rep2,SAMN16230112,739626627,GEO,public,"fastq,run.zq,sra","gs,ncbi,s3","gs.us-east1,ncbi.public,s3.us-east-1",SRX9162315,GSM4796102,Illumina HiSeq 2500,SINGLE,other,TRANSCRIPTOMIC,Homo sapiens,ILLUMINA,2021-07-17T00:00:00Z,2020-09-21T10:12:00Z,1,GSM4796102,Epithelial cell in human lung adenocarcinoma,SRP280103,"infected\, 4hpi",Calu-3,MOI 10,5U,
SRR12682127,QTI-seq,OTHER,51,1399909557,PRJNA661467,rep1,SAMN16230111,699688819,GEO,public,"fastq,run.zq,sra","gs,ncbi,s3","gs.us-east1,ncbi.public,s3.us-east-1",SRX9162316,GSM4796103,Illumina HiSeq 2500,SINGLE,other,TRANSCRIPTOMIC,Homo sapiens,ILLUMINA,2021-07-17T00:00:00Z,2020-09-21T10:12:00Z,1,GSM4796103,Epithelial cell in human lung adenocarcinoma,SRP280103,uninfected,Calu-3,,5U,
SRR12682128,QTI-seq,OTHER,51,1443109974,PRJNA661467,rep1,SAMN16230110,729469631,GEO,public,"fastq,run.zq,sra","gs,ncbi,s3","gs.us-east1,ncbi.public,s3.us-east-1",SRX9162317,GSM4796104,Illumina HiSeq 2500,SINGLE,other,TRANSCRIPTOMIC,Homo sapiens,ILLUMINA,2021-07-17T00:00:00Z,2020-09-21T10:12:00Z,1,GSM4796104,Epithelial cell in human lung adenocarcinoma,SRP280103,"infected\, 0hpi",Calu-3,MOI 10,5U,
SRR12682129,QTI-seq,OTHER,51,1487308716,PRJNA661467,rep1,SAMN16230109,726955774,GEO,public,"fastq,run.zq,sra","gs,ncbi,s3","gs.us-east1,ncbi.public,s3.us-east-1",SRX9162286,GSM4796105,Illumina HiSeq 2500,SINGLE,other,TRANSCRIPTOMIC,Homo sapiens,ILLUMINA,2021-07-17T00:00:00Z,2020-09-21T10:13:00Z,1,GSM4796105,Epithelial cell in human lung adenocarcinoma,SRP280103,"infected\, 1hpi",Calu-3,MOI 10,5U,
SRR12682130,QTI-seq,OTHER,51,1643038491,PRJNA661467,rep1,SAMN16230108,826319548,GEO,public,"fastq,run.zq,sra","gs,ncbi,s3","gs.us-east1,ncbi.public,s3.us-east-1",SRX9162287,GSM4796106,Illumina HiSeq 2500,SINGLE,other,TRANSCRIPTOMIC,Homo sapiens,ILLUMINA,2021-07-17T00:00:00Z,2020-09-21T10:13:00Z,1,GSM4796106,Epithelial cell in human lung adenocarcinoma,SRP280103,"infected\, 2hpi",Calu-3,MOI 10,5U,
SRR12682131,QTI-seq,OTHER,51,1517859552,PRJNA661467,rep1,SAMN16230107,754466169,GEO,public,"fastq,run.zq,sra","gs,ncbi,s3","gs.us-east1,ncbi.public,s3.us-east-1",SRX9162288,GSM4796107,Illumina HiSeq 2500,SINGLE,other,TRANSCRIPTOMIC,Homo sapiens,ILLUMINA,2021-07-17T00:00:00Z,2020-09-21T10:13:00Z,1,GSM4796107,Epithelial cell in human lung adenocarcinoma,SRP280103,"infected\, 4hpi",Calu-3,MOI 10,5U,
SRR12682132,QTI-seq,OTHER,51,1522544565,PRJNA661467,rep2,SAMN16230106,745822447,GEO,public,"fastq,run.zq,sra","gs,ncbi,s3","gs.us-east1,ncbi.public,s3.us-east-1",SRX9162289,GSM4796108,Illumina HiSeq 2500,SINGLE,other,TRANSCRIPTOMIC,Homo sapiens,ILLUMINA,2021-07-17T00:00:00Z,2020-09-21T10:12:00Z,1,GSM4796108,Epithelial cell in human lung adenocarcinoma,SRP280103,uninfected,Calu-3,,5U,
SRR12682133,QTI-seq,OTHER,51,1396529532,PRJNA661467,rep2,SAMN16230105,671706972,GEO,public,"fastq,run.zq,sra","gs,ncbi,s3","gs.us-east1,ncbi.public,s3.us-east-1",SRX9162290,GSM4796109,Illumina HiSeq 2500,SINGLE,other,TRANSCRIPTOMIC,Homo sapiens,ILLUMINA,2021-07-17T00:00:00Z,2020-09-21T10:12:00Z,1,GSM4796109,Epithelial cell in human lung adenocarcinoma,SRP280103,"infected\, 0hpi",Calu-3,MOI 10,5U,
SRR12682134,QTI-seq,OTHER,51,1359113025,PRJNA661467,rep2,SAMN16230104,652917392,GEO,public,"fastq,run.zq,sra","gs,ncbi,s3","gs.us-east1,ncbi.public,s3.us-east-1",SRX9162291,GSM4796110,Illumina HiSeq 2500,SINGLE,other,TRANSCRIPTOMIC,Homo sapiens,ILLUMINA,2021-07-17T00:00:00Z,2020-09-21T10:12:00Z,1,GSM4796110,Epithelial cell in human lung adenocarcinoma,SRP280103,"infected\, 1hpi",Calu-3,MOI 10,5U,
SRR12682135,QTI-seq,OTHER,51,1479774639,PRJNA661467,rep2,SAMN16230103,702033180,GEO,public,"fastq,run.zq,sra","gs,ncbi,s3","gs.us-east1,ncbi.public,s3.us-east-1",SRX9162292,GSM4796111,Illumina HiSeq 2500,SINGLE,other,TRANSCRIPTOMIC,Homo sapiens,ILLUMINA,2021-07-17T00:00:00Z,2020-09-21T10:12:00Z,1,GSM4796111,Epithelial cell in human lung adenocarcinoma,SRP280103,"infected\, 2hpi",Calu-3,MOI 10,5U,
SRR12682136,QTI-seq,OTHER,51,1548015189,PRJNA661467,rep2,SAMN16230102,736906186,GEO,public,"fastq,run.zq,sra","gs,ncbi,s3","gs.us-east1,ncbi.public,s3.us-east-1",SRX9162293,GSM4796112,Illumina HiSeq 2500,SINGLE,other,TRANSCRIPTOMIC,Homo sapiens,ILLUMINA,2021-07-17T00:00:00Z,2020-09-21T10:13:00Z,1,GSM4796112,Epithelial cell in human lung adenocarcinoma,SRP280103,"infected\, 4hpi",Calu-3,MOI 10,5U,
SRR12682137,small RNA-seq,ncRNA-Seq,51,1228317660,PRJNA661467,rep1,SAMN16230101,628851703,GEO,public,"fastq,run.zq,sra","gs,ncbi,s3","gs.us-east1,ncbi.public,s3.us-east-1",SRX9162294,GSM4796113,Illumina HiSeq 2500,SINGLE,size fractionation,TRANSCRIPTOMIC,Homo sapiens,ILLUMINA,2021-07-17T00:00:00Z,2020-09-21T10:12:00Z,1,GSM4796113,Epithelial cell in human lung adenocarcinoma,SRP280103,uninfected,Calu-3,,,
SRR12682138,small RNA-seq,ncRNA-Seq,51,1137863040,PRJNA661467,rep1,SAMN16230100,577818427,GEO,public,"fastq,run.zq,sra","gs,ncbi,s3","gs.us-east1,ncbi.public,s3.us-east-1",SRX9162295,GSM4796114,Illumina HiSeq 2500,SINGLE,size fractionation,TRANSCRIPTOMIC,Homo sapiens,ILLUMINA,2021-07-17T00:00:00Z,2020-09-21T10:12:00Z,1,GSM4796114,Epithelial cell in human lung adenocarcinoma,SRP280103,"infected\, 0hpi",Calu-3,MOI 10,,
SRR12682139,small RNA-seq,ncRNA-Seq,51,1104916530,PRJNA661467,rep1,SAMN16230099,565776416,GEO,public,"fastq,run.zq,sra","gs,ncbi,s3","gs.us-east1,ncbi.public,s3.us-east-1",SRX9162296,GSM4796115,Illumina HiSeq 2500,SINGLE,size fractionation,TRANSCRIPTOMIC,Homo sapiens,ILLUMINA,2021-07-17T00:00:00Z,2020-09-21T10:12:00Z,1,GSM4796115,Epithelial cell in human lung adenocarcinoma,SRP280103,"infected\, 1hpi",Calu-3,MOI 10,,
SRR12682140,small RNA-seq,ncRNA-Seq,51,1209828579,PRJNA661467,rep1,SAMN16230098,618506570,GEO,public,"fastq,run.zq,sra","gs,ncbi,s3","gs.us-east1,ncbi.public,s3.us-east-1",SRX9162297,GSM4796116,Illumina HiSeq 2500,SINGLE,size fractionation,TRANSCRIPTOMIC,Homo sapiens,ILLUMINA,2021-07-17T00:00:00Z,2020-09-21T10:12:00Z,1,GSM4796116,Epithelial cell in human lung adenocarcinoma,SRP280103,"infected\, 2hpi",Calu-3,MOI 10,,
SRR12682141,small RNA-seq,ncRNA-Seq,51,1394233461,PRJNA661467,rep1,SAMN16230139,708238788,GEO,public,"fastq,run.zq,sra","gs,ncbi,s3","gs.us-east1,ncbi.public,s3.us-east-1",SRX9162298,GSM4796117,Illumina HiSeq 2500,SINGLE,size fractionation,TRANSCRIPTOMIC,Homo sapiens,ILLUMINA,2021-07-17T00:00:00Z,2020-09-21T10:12:00Z,1,GSM4796117,Epithelial cell in human lung adenocarcinoma,SRP280103,"infected\, 4hpi",Calu-3,MOI 10,,
SRR12682142,small RNA-seq,ncRNA-Seq,51,1533882324,PRJNA661467,rep2,SAMN16230138,735512337,GEO,public,"fastq,run.zq,sra","gs,ncbi,s3","gs.us-east1,ncbi.public,s3.us-east-1",SRX9162299,GSM4796118,Illumina HiSeq 2500,SINGLE,size fractionation,TRANSCRIPTOMIC,Homo sapiens,ILLUMINA,2021-07-17T00:00:00Z,2020-09-21T10:13:00Z,1,GSM4796118,Epithelial cell in human lung adenocarcinoma,SRP280103,"infected\, 2hpi",Calu-3,MOI 10,,
SRR12682143,small RNA-seq,ncRNA-Seq,51,1451383143,PRJNA661467,rep2,SAMN16230137,718156304,GEO,public,"fastq,run.zq,sra","gs,ncbi,s3","gs.us-east1,ncbi.public,s3.us-east-1",SRX9162300,GSM4796119,Illumina HiSeq 2500,SINGLE,size fractionation,TRANSCRIPTOMIC,Homo sapiens,ILLUMINA,2021-07-17T00:00:00Z,2020-09-21T10:12:00Z,1,GSM4796119,Epithelial cell in human lung adenocarcinoma,SRP280103,"infected\, 4hpi",Calu-3,MOI 10,,
SRR12682144,mRNA-seq,RNA-Seq,101,1858195071,PRJNA661467,rep1,SAMN16230136,909507448,GEO,public,"fastq,run.zq,sra","gs,ncbi,s3","gs.us-east1,ncbi.public,s3.us-east-1",SRX9162301,GSM4796120,Illumina HiSeq 2500,SINGLE,cDNA,TRANSCRIPTOMIC,Homo sapiens,ILLUMINA,2021-07-17T00:00:00Z,2020-09-21T10:12:00Z,1,GSM4796120,Epithelial cell in human lung adenocarcinoma,SRP280103,"infected\, 12hpi",Calu-3,MOI 10,,
SRR12682145,mRNA-seq,RNA-Seq,101,2425773055,PRJNA661467,rep1,SAMN16230135,1210930915,GEO,public,"fastq,run.zq,sra","gs,ncbi,s3","gs.us-east1,ncbi.public,s3.us-east-1",SRX9162270,GSM4796121,Illumina HiSeq 2500,SINGLE,cDNA,TRANSCRIPTOMIC,Homo sapiens,ILLUMINA,2021-07-17T00:00:00Z,2020-09-21T10:14:00Z,1,GSM4796121,Epithelial cell in human lung adenocarcinoma,SRP280103,"infected\, 16hpi",Calu-3,MOI 10,,
SRR12682146,mRNA-seq,RNA-Seq,101,2028883354,PRJNA661467,rep1,SAMN16230134,991994182,GEO,public,"fastq,run.zq,sra","gs,ncbi,s3","gs.us-east1,ncbi.public,s3.us-east-1",SRX9162271,GSM4796122,Illumina HiSeq 2500,SINGLE,cDNA,TRANSCRIPTOMIC,Homo sapiens,ILLUMINA,2021-07-17T00:00:00Z,2020-09-21T10:12:00Z,1,GSM4796122,Epithelial cell in human lung adenocarcinoma,SRP280103,"infected\, 24hpi",Calu-3,MOI 10,,
SRR12682147,mRNA-seq,RNA-Seq,101,2148253739,PRJNA661467,rep1,SAMN16230133,1053854367,GEO,public,"fastq,run.zq,sra","gs,ncbi,s3","gs.us-east1,ncbi.public,s3.us-east-1",SRX9162272,GSM4796123,Illumina HiSeq 2500,SINGLE,cDNA,TRANSCRIPTOMIC,Homo sapiens,ILLUMINA,2021-07-17T00:00:00Z,2020-09-21T10:13:00Z,1,GSM4796123,Epithelial cell in human lung adenocarcinoma,SRP280103,"infected\, 36hpi",Calu-3,MOI 10,,
SRR12682148,mRNA-seq,RNA-Seq,101,2152898022,PRJNA661467,rep2,SAMN16230132,1102279446,GEO,public,"fastq,run.zq,sra","gs,ncbi,s3","gs.us-east1,ncbi.public,s3.us-east-1",SRX9162273,GSM4796124,Illumina HiSeq 2500,SINGLE,cDNA,TRANSCRIPTOMIC,Homo sapiens,ILLUMINA,2021-07-17T00:00:00Z,2020-09-21T10:13:00Z,1,GSM4796124,Epithelial cell in human lung adenocarcinoma,SRP280103,"infected\, 12hpi",Calu-3,MOI 10,,
SRR12682149,mRNA-seq,RNA-Seq,101,2041254642,PRJNA661467,rep2,SAMN16230131,1069363152,GEO,public,"fastq,run.zq,sra","gs,ncbi,s3","gs.us-east1,ncbi.public,s3.us-east-1",SRX9162274,GSM4796125,Illumina HiSeq 2500,SINGLE,cDNA,TRANSCRIPTOMIC,Homo sapiens,ILLUMINA,2021-07-17T00:00:00Z,2020-09-21T10:13:00Z,1,GSM4796125,Epithelial cell in human lung adenocarcinoma,SRP280103,"infected\, 16hpi",Calu-3,MOI 10,,
SRR12682150,mRNA-seq,RNA-Seq,101,1883638991,PRJNA661467,rep2,SAMN16230130,939568061,GEO,public,"fastq,run.zq,sra","gs,ncbi,s3","gs.us-east1,ncbi.public,s3.us-east-1",SRX9162275,GSM4796126,Illumina HiSeq 2500,SINGLE,cDNA,TRANSCRIPTOMIC,Homo sapiens,ILLUMINA,2021-07-17T00:00:00Z,2020-09-21T10:13:00Z,1,GSM4796126,Epithelial cell in human lung adenocarcinoma,SRP280103,"infected\, 24hpi",Calu-3,MOI 10,,
SRR12682151,mRNA-seq,RNA-Seq,101,2213828393,PRJNA661467,rep2,SAMN16230129,1087088179,GEO,public,"fastq,run.zq,sra","gs,ncbi,s3","gs.us-east1,ncbi.public,s3.us-east-1",SRX9162276,GSM4796127,Illumina HiSeq 2500,SINGLE,cDNA,TRANSCRIPTOMIC,Homo sapiens,ILLUMINA,2021-07-17T00:00:00Z,2020-09-21T10:12:00Z,1,GSM4796127,Epithelial cell in human lung adenocarcinoma,SRP280103,"infected\, 36hpi",Calu-3,MOI 10,,
SRR12682152,mRNA-seq,RNA-Seq,101,1958610382,PRJNA661467,rep3,SAMN16230128,908474942,GEO,public,"fastq,run.zq,sra","gs,ncbi,s3","gs.us-east1,ncbi.public,s3.us-east-1",SRX9162277,GSM4796128,Illumina HiSeq 2500,SINGLE,cDNA,TRANSCRIPTOMIC,Homo sapiens,ILLUMINA,2021-07-17T00:00:00Z,2020-09-21T10:13:00Z,1,GSM4796128,Epithelial cell in human lung adenocarcinoma,SRP280103,"infected\, 12hpi",Calu-3,MOI 10,,
SRR12682153,mRNA-seq,RNA-Seq,101,1917479748,PRJNA661467,rep3,SAMN16230124,893273276,GEO,public,"fastq,run.zq,sra","gs,ncbi,s3","gs.us-east1,ncbi.public,s3.us-east-1",SRX9162278,GSM4796129,Illumina HiSeq 2500,SINGLE,cDNA,TRANSCRIPTOMIC,Homo sapiens,ILLUMINA,2021-07-17T00:00:00Z,2020-09-21T10:13:00Z,1,GSM4796129,Epithelial cell in human lung adenocarcinoma,SRP280103,"infected\, 16hpi",Calu-3,MOI 10,,
SRR12682154,mRNA-seq,RNA-Seq,101,1934873261,PRJNA661467,rep3,SAMN16230123,891336205,GEO,public,"fastq,run.zq,sra","gs,ncbi,s3","gs.us-east1,ncbi.public,s3.us-east-1",SRX9162279,GSM4796130,Illumina HiSeq 2500,SINGLE,cDNA,TRANSCRIPTOMIC,Homo sapiens,ILLUMINA,2021-07-17T00:00:00Z,2020-09-21T10:12:00Z,1,GSM4796130,Epithelial cell in human lung adenocarcinoma,SRP280103,"infected\, 24hpi",Calu-3,MOI 10,,
SRR12682155,mRNA-seq,RNA-Seq,101,1479820387,PRJNA661467,rep3,SAMN16230122,675651502,GEO,public,"fastq,run.zq,sra","gs,ncbi,s3","gs.us-east1,ncbi.public,s3.us-east-1",SRX9162280,GSM4796131,Illumina HiSeq 2500,SINGLE,cDNA,TRANSCRIPTOMIC,Homo sapiens,ILLUMINA,2021-07-17T00:00:00Z,2020-09-21T10:12:00Z,1,GSM4796131,Epithelial cell in human lung adenocarcinoma,SRP280103,"infected\, 36hpi",Calu-3,MOI 10,,
SRR12682156,mRNA-seq,RNA-Seq,101,2127721045,PRJNA661467,rep4,SAMN16230127,1010064720,GEO,public,"fastq,run.zq,sra","gs,ncbi,s3","gs.us-east1,ncbi.public,s3.us-east-1",SRX9162281,GSM4796132,Illumina HiSeq 2500,SINGLE,cDNA,TRANSCRIPTOMIC,Homo sapiens,ILLUMINA,2021-07-17T00:00:00Z,2020-09-21T10:12:00Z,1,GSM4796132,Epithelial cell in human lung adenocarcinoma,SRP280103,"infected\, 12hpi",Calu-3,MOI 10,,
SRR12682157,mRNA-seq,RNA-Seq,101,1883653434,PRJNA661467,rep4,SAMN16230126,900876362,GEO,public,"fastq,run.zq,sra","gs,ncbi,s3","gs.us-east1,ncbi.public,s3.us-east-1",SRX9162282,GSM4796133,Illumina HiSeq 2500,SINGLE,cDNA,TRANSCRIPTOMIC,Homo sapiens,ILLUMINA,2021-07-17T00:00:00Z,2020-09-21T10:13:00Z,1,GSM4796133,Epithelial cell in human lung adenocarcinoma,SRP280103,"infected\, 16hpi",Calu-3,MOI 10,,
SRR12682158,mRNA-seq,RNA-Seq,101,1914473988,PRJNA661467,rep4,SAMN16230125,912459033,GEO,public,"fastq,run.zq,sra","gs,ncbi,s3","gs.us-east1,ncbi.public,s3.us-east-1",SRX9162283,GSM4796134,Illumina HiSeq 2500,SINGLE,cDNA,TRANSCRIPTOMIC,Homo sapiens,ILLUMINA,2021-07-17T00:00:00Z,2020-09-21T10:13:00Z,1,GSM4796134,Epithelial cell in human lung adenocarcinoma,SRP280103,"infected\, 24hpi",Calu-3,MOI 10,,
SRR12682159,mRNA-seq,RNA-Seq,101,1972364865,PRJNA661467,rep4,SAMN16230121,934559115,GEO,public,"fastq,run.zq,sra","gs,ncbi,s3","gs.us-east1,ncbi.public,s3.us-east-1",SRX9162284,GSM4796135,Illumina HiSeq 2500,SINGLE,cDNA,TRANSCRIPTOMIC,Homo sapiens,ILLUMINA,2021-07-17T00:00:00Z,2020-09-21T10:13:00Z,1,GSM4796135,Epithelial cell in human lung adenocarcinoma,SRP280103,"infected\, 36hpi",Calu-3,MOI 10,,
SRR12682160,RPF-seq,OTHER,51,1205375514,PRJNA661467,rep1,SAMN16230120,559071223,GEO,public,"fastq,run.zq,sra","gs,ncbi,s3","gs.us-east1,ncbi.public,s3.us-east-1",SRX9162285,GSM4796136,Illumina HiSeq 2500,SINGLE,other,TRANSCRIPTOMIC,Homo sapiens,ILLUMINA,2021-07-17T00:00:00Z,2020-09-21T10:12:00Z,1,GSM4796136,Epithelial cell in human lung adenocarcinoma,SRP280103,"infected\, 12hpi",Calu-3,MOI 10,5U,
SRR12682161,RPF-seq,OTHER,51,1480458804,PRJNA661467,rep1,SAMN16230119,699377055,GEO,public,"fastq,run.zq,sra","gs,ncbi,s3","gs.us-east1,ncbi.public,s3.us-east-1",SRX9162254,GSM4796137,Illumina HiSeq 2500,SINGLE,other,TRANSCRIPTOMIC,Homo sapiens,ILLUMINA,2021-07-17T00:00:00Z,2020-09-21T10:12:00Z,1,GSM4796137,Epithelial cell in human lung adenocarcinoma,SRP280103,"infected\, 16hpi",Calu-3,MOI 10,5U,
SRR12682162,RPF-seq,OTHER,51,1234057251,PRJNA661467,rep1,SAMN16230161,595387863,GEO,public,"fastq,run.zq,sra","gs,ncbi,s3","gs.us-east1,ncbi.public,s3.us-east-1",SRX9162255,GSM4796138,Illumina HiSeq 2500,SINGLE,other,TRANSCRIPTOMIC,Homo sapiens,ILLUMINA,2021-07-17T00:00:00Z,2020-09-21T10:12:00Z,1,GSM4796138,Epithelial cell in human lung adenocarcinoma,SRP280103,"infected\, 24hpi",Calu-3,MOI 10,5U,
SRR12682163,RPF-seq,OTHER,51,1211355570,PRJNA661467,rep1,SAMN16230160,557913973,GEO,public,"fastq,run.zq,sra","gs,ncbi,s3","gs.us-east1,ncbi.public,s3.us-east-1",SRX9162256,GSM4796139,Illumina HiSeq 2500,SINGLE,other,TRANSCRIPTOMIC,Homo sapiens,ILLUMINA,2021-07-17T00:00:00Z,2020-09-21T10:12:00Z,1,GSM4796139,Epithelial cell in human lung adenocarcinoma,SRP280103,"infected\, 36hpi",Calu-3,MOI 10,5U,
SRR12682164,RPF-seq,OTHER,51,1178911563,PRJNA661467,rep2,SAMN16230159,550231601,GEO,public,"fastq,run.zq,sra","gs,ncbi,s3","gs.us-east1,ncbi.public,s3.us-east-1",SRX9162257,GSM4796140,Illumina HiSeq 2500,SINGLE,other,TRANSCRIPTOMIC,Homo sapiens,ILLUMINA,2021-07-17T00:00:00Z,2020-09-21T10:12:00Z,1,GSM4796140,Epithelial cell in human lung adenocarcinoma,SRP280103,"infected\, 12hpi",Calu-3,MOI 10,5U,
SRR12682165,RPF-seq,OTHER,51,1388285535,PRJNA661467,rep2,SAMN16230158,674920950,GEO,public,"fastq,run.zq,sra","gs,ncbi,s3","gs.us-east1,ncbi.public,s3.us-east-1",SRX9162258,GSM4796141,Illumina HiSeq 2500,SINGLE,other,TRANSCRIPTOMIC,Homo sapiens,ILLUMINA,2021-07-17T00:00:00Z,2020-09-21T10:12:00Z,1,GSM4796141,Epithelial cell in human lung adenocarcinoma,SRP280103,"infected\, 16hpi",Calu-3,MOI 10,5U,
SRR12682166,RPF-seq,OTHER,51,1210801863,PRJNA661467,rep2,SAMN16230157,564978700,GEO,public,"fastq,run.zq,sra","gs,ncbi,s3","gs.us-east1,ncbi.public,s3.us-east-1",SRX9162259,GSM4796142,Illumina HiSeq 2500,SINGLE,other,TRANSCRIPTOMIC,Homo sapiens,ILLUMINA,2021-07-17T00:00:00Z,2020-09-21T10:11:00Z,1,GSM4796142,Epithelial cell in human lung adenocarcinoma,SRP280103,"infected\, 24hpi",Calu-3,MOI 10,5U,
SRR12682167,RPF-seq,OTHER,51,1152488106,PRJNA661467,rep2,SAMN16230156,541669928,GEO,public,"fastq,run.zq,sra","gs,ncbi,s3","gs.us-east1,ncbi.public,s3.us-east-1",SRX9162260,GSM4796143,Illumina HiSeq 2500,SINGLE,other,TRANSCRIPTOMIC,Homo sapiens,ILLUMINA,2021-07-17T00:00:00Z,2020-09-21T10:11:00Z,1,GSM4796143,Epithelial cell in human lung adenocarcinoma,SRP280103,"infected\, 36hpi",Calu-3,MOI 10,5U,
SRR12682168,QTI-seq,OTHER,51,1201549086,PRJNA661467,rep1,SAMN16230155,552125280,GEO,public,"fastq,run.zq,sra","gs,ncbi,s3","gs.us-east1,ncbi.public,s3.us-east-1",SRX9162261,GSM4796144,Illumina HiSeq 2500,SINGLE,other,TRANSCRIPTOMIC,Homo sapiens,ILLUMINA,2021-07-17T00:00:00Z,2020-09-21T10:12:00Z,1,GSM4796144,Epithelial cell in human lung adenocarcinoma,SRP280103,"infected\, 12hpi",Calu-3,MOI 10,5U,
SRR12682169,QTI-seq,OTHER,51,1262349348,PRJNA661467,rep1,SAMN16230154,602406383,GEO,public,"fastq,run.zq,sra","gs,ncbi,s3","gs.us-east1,ncbi.public,s3.us-east-1",SRX9162262,GSM4796145,Illumina HiSeq 2500,SINGLE,other,TRANSCRIPTOMIC,Homo sapiens,ILLUMINA,2021-07-17T00:00:00Z,2020-09-21T10:12:00Z,1,GSM4796145,Epithelial cell in human lung adenocarcinoma,SRP280103,"infected\, 16hpi",Calu-3,MOI 10,5U,
SRR12682170,QTI-seq,OTHER,51,1082657529,PRJNA661467,rep1,SAMN16230153,491290149,GEO,public,"fastq,run.zq,sra","gs,ncbi,s3","gs.us-east1,ncbi.public,s3.us-east-1",SRX9162263,GSM4796146,Illumina HiSeq 2500,SINGLE,other,TRANSCRIPTOMIC,Homo sapiens,ILLUMINA,2021-07-17T00:00:00Z,2020-09-21T10:11:00Z,1,GSM4796146,Epithelial cell in human lung adenocarcinoma,SRP280103,"infected\, 24hpi",Calu-3,MOI 10,5U,
SRR12682171,QTI-seq,OTHER,51,1114793190,PRJNA661467,rep1,SAMN16230152,520535340,GEO,public,"fastq,run.zq,sra","gs,ncbi,s3","gs.us-east1,ncbi.public,s3.us-east-1",SRX9162264,GSM4796147,Illumina HiSeq 2500,SINGLE,other,TRANSCRIPTOMIC,Homo sapiens,ILLUMINA,2021-07-17T00:00:00Z,2020-09-21T10:12:00Z,1,GSM4796147,Epithelial cell in human lung adenocarcinoma,SRP280103,"infected\, 36hpi",Calu-3,MOI 10,5U,
SRR12682172,QTI-seq,OTHER,51,1332067674,PRJNA661467,rep2,SAMN16230151,630931621,GEO,public,"fastq,run.zq,sra","gs,ncbi,s3","gs.us-east1,ncbi.public,s3.us-east-1",SRX9162265,GSM4796148,Illumina HiSeq 2500,SINGLE,other,TRANSCRIPTOMIC,Homo sapiens,ILLUMINA,2021-07-17T00:00:00Z,2020-09-21T10:12:00Z,1,GSM4796148,Epithelial cell in human lung adenocarcinoma,SRP280103,"infected\, 12hpi",Calu-3,MOI 10,5U,
SRR12682173,QTI-seq,OTHER,51,1293877242,PRJNA661467,rep2,SAMN16230150,612577750,GEO,public,"fastq,run.zq,sra","gs,ncbi,s3","gs.us-east1,ncbi.public,s3.us-east-1",SRX9162266,GSM4796149,Illumina HiSeq 2500,SINGLE,other,TRANSCRIPTOMIC,Homo sapiens,ILLUMINA,2021-07-17T00:00:00Z,2020-09-21T10:12:00Z,1,GSM4796149,Epithelial cell in human lung adenocarcinoma,SRP280103,"infected\, 16hpi",Calu-3,MOI 10,5U,
SRR12682174,QTI-seq,OTHER,51,1161516993,PRJNA661467,rep2,SAMN16230149,542757043,GEO,public,"fastq,run.zq,sra","gs,ncbi,s3","gs.us-east1,ncbi.public,s3.us-east-1",SRX9162267,GSM4796150,Illumina HiSeq 2500,SINGLE,other,TRANSCRIPTOMIC,Homo sapiens,ILLUMINA,2021-07-17T00:00:00Z,2020-09-21T10:12:00Z,1,GSM4796150,Epithelial cell in human lung adenocarcinoma,SRP280103,"infected\, 24hpi",Calu-3,MOI 10,5U,
SRR12682175,QTI-seq,OTHER,51,1080110334,PRJNA661467,rep2,SAMN16230148,491726460,GEO,public,"fastq,run.zq,sra","gs,ncbi,s3","gs.us-east1,ncbi.public,s3.us-east-1",SRX9162268,GSM4796151,Illumina HiSeq 2500,SINGLE,other,TRANSCRIPTOMIC,Homo sapiens,ILLUMINA,2021-07-17T00:00:00Z,2020-09-21T10:12:00Z,1,GSM4796151,Epithelial cell in human lung adenocarcinoma,SRP280103,"infected\, 36hpi",Calu-3,MOI 10,5U,
SRR12682176,small RNA-seq,ncRNA-Seq,51,908793276,PRJNA661467,rep2,SAMN16230147,446405911,GEO,public,"fastq,run.zq,sra","gs,ncbi,s3","gs.us-east1,ncbi.public,s3.us-east-1",SRX9162269,GSM4796152,Illumina HiSeq 2500,SINGLE,size fractionation,TRANSCRIPTOMIC,Homo sapiens,ILLUMINA,2021-07-17T00:00:00Z,2020-09-21T10:11:00Z,1,GSM4796152,Epithelial cell in human lung adenocarcinoma,SRP280103,"infected\, 12hpi",Calu-3,MOI 10,,
SRR12682177,small RNA-seq,ncRNA-Seq,51,1312764837,PRJNA661467,rep2,SAMN16230146,623837934,GEO,public,"fastq,run.zq,sra","gs,ncbi,s3","gs.us-east1,ncbi.public,s3.us-east-1",SRX9162245,GSM4796153,Illumina HiSeq 2500,SINGLE,size fractionation,TRANSCRIPTOMIC,Homo sapiens,ILLUMINA,2021-07-17T00:00:00Z,2020-09-21T10:12:00Z,1,GSM4796153,Epithelial cell in human lung adenocarcinoma,SRP280103,"infected\, 16hpi",Calu-3,MOI 10,,
SRR12682178,small RNA-seq,ncRNA-Seq,51,534249378,PRJNA661467,rep2,SAMN16230145,258875915,GEO,public,"fastq,run.zq,sra","gs,ncbi,s3","gs.us-east1,ncbi.public,s3.us-east-1",SRX9162246,GSM4796154,Illumina HiSeq 2500,SINGLE,size fractionation,TRANSCRIPTOMIC,Homo sapiens,ILLUMINA,2021-07-17T00:00:00Z,2020-09-21T10:10:00Z,1,GSM4796154,Epithelial cell in human lung adenocarcinoma,SRP280103,"infected\, 24hpi",Calu-3,MOI 10,,
SRR12682179,small RNA-seq,ncRNA-Seq,51,1269041976,PRJNA661467,rep2,SAMN16230144,619183864,GEO,public,"fastq,run.zq,sra","gs,ncbi,s3","gs.us-east1,ncbi.public,s3.us-east-1",SRX9162247,GSM4796155,Illumina HiSeq 2500,SINGLE,size fractionation,TRANSCRIPTOMIC,Homo sapiens,ILLUMINA,2021-07-17T00:00:00Z,2020-09-21T10:12:00Z,1,GSM4796155,Epithelial cell in human lung adenocarcinoma,SRP280103,"infected\, 36hpi",Calu-3,MOI 10,,
SRR12682180,RPF-seq,OTHER,51,1077621840,PRJNA661467,rep1,SAMN16230143,607317060,GEO,public,"fastq,run.zq,sra","gs,ncbi,s3","gs.us-east1,ncbi.public,s3.us-east-1",SRX9162248,GSM4796156,Illumina HiSeq 2500,SINGLE,other,TRANSCRIPTOMIC,Homo sapiens,ILLUMINA,2021-07-17T00:00:00Z,2020-09-21T10:12:00Z,1,GSM4796156,Epithelial cell in human lung adenocarcinoma,SRP280103,"infected\, 48hpi",Calu-3,MOI 0.1,0.008U,
SRR12682181,RPF-seq,OTHER,51,986115141,PRJNA661467,rep1,SAMN16230142,568228900,GEO,public,"fastq,run.zq,sra","gs,ncbi,s3","gs.us-east1,ncbi.public,s3.us-east-1",SRX9162249,GSM4796157,Illumina HiSeq 2500,SINGLE,other,TRANSCRIPTOMIC,Chlorocebus aethiops,ILLUMINA,2021-07-17T00:00:00Z,2020-09-21T10:11:00Z,1,GSM4796157,Epithelial cell in green monkey kidney,SRP280103,"infected\, 0hpi",Vero,MOI 0.1,5U,
SRR12682182,RPF-seq,OTHER,51,944480679,PRJNA661467,rep1,SAMN16230141,549247753,GEO,public,"fastq,run.zq,sra","gs,ncbi,s3","gs.us-east1,ncbi.public,s3.us-east-1",SRX9162250,GSM4796158,Illumina HiSeq 2500,SINGLE,other,TRANSCRIPTOMIC,Chlorocebus aethiops,ILLUMINA,2021-07-17T00:00:00Z,2020-09-21T10:11:00Z,1,GSM4796158,Epithelial cell in green monkey kidney,SRP280103,"infected\, 24hpi",Vero,MOI 0.1,5U,
SRR12682183,RPF-seq,OTHER,51,1386650985,PRJNA661467,rep2,SAMN16230140,770942940,GEO,public,"fastq,run.zq,sra","gs,ncbi,s3","gs.us-east1,ncbi.public,s3.us-east-1",SRX9162251,GSM4796159,Illumina HiSeq 2500,SINGLE,other,TRANSCRIPTOMIC,Homo sapiens,ILLUMINA,2021-07-17T00:00:00Z,2020-09-21T10:13:00Z,1,GSM4796159,Epithelial cell in human lung adenocarcinoma,SRP280103,"infected\, 48hpi",Calu-3,MOI 0.1,0.008U,
SRR12682184,RPF-seq,OTHER,51,1000313286,PRJNA661467,rep2,SAMN16230163,571638222,GEO,public,"fastq,run.zq,sra","gs,ncbi,s3","gs.us-east1,ncbi.public,s3.us-east-1",SRX9162252,GSM4796160,Illumina HiSeq 2500,SINGLE,other,TRANSCRIPTOMIC,Chlorocebus aethiops,ILLUMINA,2021-07-17T00:00:00Z,2020-09-21T10:12:00Z,1,GSM4796160,Epithelial cell in green monkey kidney,SRP280103,"infected\, 0hpi",Vero,MOI 0.1,5U,
SRR12682185,RPF-seq,OTHER,51,949058541,PRJNA661467,rep2,SAMN16230162,544242394,GEO,public,"fastq,run.zq,sra","gs,ncbi,s3","gs.us-east1,ncbi.public,s3.us-east-1",SRX9162253,GSM4796161,Illumina HiSeq 2500,SINGLE,other,TRANSCRIPTOMIC,Chlorocebus aethiops,ILLUMINA,2021-07-17T00:00:00Z,2020-09-21T10:12:00Z,1,GSM4796161,Epithelial cell in green monkey kidney,SRP280103,"infected\, 24hpi",Vero,MOI 0.1,5U,
SRR12588852,mRNA-seq,RNA-Seq,101,3427693863,PRJNA661467,rep1,SAMN16058378,1753219562,GEO,public,"fastq,run.zq,sra","gs,ncbi,s3","gs.us-east1,ncbi.public,s3.us-east-1",SRX9075382,GSM4766914,Illumina HiSeq 2500,SINGLE,cDNA,TRANSCRIPTOMIC,Homo sapiens,ILLUMINA,2021-07-17T00:00:00Z,2020-09-04T09:45:00Z,1,GSM4766914,Epithelial cell in human lung adenocarcinoma,SRP280103,uninfected,Calu-3,,,
SRR12588853,mRNA-seq,RNA-Seq,101,2488934718,PRJNA661467,rep2,SAMN16058377,1286209718,GEO,public,"fastq,run.zq,sra","gs,ncbi,s3","gs.us-east1,ncbi.public,s3.us-east-1",SRX9075383,GSM4766915,Illumina HiSeq 2500,SINGLE,cDNA,TRANSCRIPTOMIC,Homo sapiens,ILLUMINA,2021-07-17T00:00:00Z,2020-09-04T09:44:00Z,1,GSM4766915,Epithelial cell in human lung adenocarcinoma,SRP280103,uninfected,Calu-3,,,
SRR12588854,mRNA-seq,RNA-Seq,101,3044205751,PRJNA661467,rep3,SAMN16058371,1596791638,GEO,public,"fastq,run.zq,sra","gs,ncbi,s3","gs.us-east1,ncbi.public,s3.us-east-1",SRX9075384,GSM4766916,Illumina HiSeq 2500,SINGLE,cDNA,TRANSCRIPTOMIC,Homo sapiens,ILLUMINA,2021-07-17T00:00:00Z,2020-09-04T09:45:00Z,1,GSM4766916,Epithelial cell in human lung adenocarcinoma,SRP280103,uninfected,Calu-3,,,
SRR12588855,mRNA-seq,RNA-Seq,101,3248899825,PRJNA661467,rep1,SAMN16058376,1654232225,GEO,public,"fastq,run.zq,sra","gs,ncbi,s3","gs.us-east1,ncbi.public,s3.us-east-1",SRX9075385,GSM4766917,Illumina HiSeq 2500,SINGLE,cDNA,TRANSCRIPTOMIC,Homo sapiens,ILLUMINA,2021-07-17T00:00:00Z,2020-09-04T09:44:00Z,1,GSM4766917,Epithelial cell in human lung adenocarcinoma,SRP280103,"infected\, 48hpi",Calu-3,MOI 0.1,,
SRR12588856,mRNA-seq,RNA-Seq,101,2910505385,PRJNA661467,rep2,SAMN16058375,1500755445,GEO,public,"fastq,run.zq,sra","gs,ncbi,s3","gs.us-east1,ncbi.public,s3.us-east-1",SRX9075386,GSM4766918,Illumina HiSeq 2500,SINGLE,cDNA,TRANSCRIPTOMIC,Homo sapiens,ILLUMINA,2021-07-17T00:00:00Z,2020-09-04T09:43:00Z,1,GSM4766918,Epithelial cell in human lung adenocarcinoma,SRP280103,"infected\, 48hpi",Calu-3,MOI 0.1,,
SRR12588857,mRNA-seq,RNA-Seq,101,3652473201,PRJNA661467,rep3,SAMN16058374,1878720090,GEO,public,"fastq,run.zq,sra","gs,ncbi,s3","gs.us-east1,ncbi.public,s3.us-east-1",SRX9075387,GSM4766919,Illumina HiSeq 2500,SINGLE,cDNA,TRANSCRIPTOMIC,Homo sapiens,ILLUMINA,2021-07-17T00:00:00Z,2020-09-04T09:46:00Z,1,GSM4766919,Epithelial cell in human lung adenocarcinoma,SRP280103,"infected\, 48hpi",Calu-3,MOI 0.1,,
SRR12588858,mRNA-seq,RNA-Seq,101,3106621630,PRJNA661467,rep4,SAMN16058373,1489451609,GEO,public,"fastq,run.zq,sra","gs,ncbi,s3","gs.us-east1,ncbi.public,s3.us-east-1",SRX9075388,GSM4766920,Illumina HiSeq 2500,SINGLE,cDNA,TRANSCRIPTOMIC,Homo sapiens,ILLUMINA,2021-07-17T00:00:00Z,2020-09-04T09:45:00Z,1,GSM4766920,Epithelial cell in human lung adenocarcinoma,SRP280103,uninfected,Calu-3,,,
SRR12588859,mRNA-seq,RNA-Seq,101,2885016318,PRJNA661467,rep5,SAMN16058372,1390476383,GEO,public,"fastq,run.zq,sra","gs,ncbi,s3","gs.us-east1,ncbi.public,s3.us-east-1",SRX9075389,GSM4766921,Illumina HiSeq 2500,SINGLE,cDNA,TRANSCRIPTOMIC,Homo sapiens,ILLUMINA,2021-07-17T00:00:00Z,2020-09-04T09:45:00Z,1,GSM4766921,Epithelial cell in human lung adenocarcinoma,SRP280103,uninfected,Calu-3,,,
SRR12588860,mRNA-seq,RNA-Seq,101,2924032113,PRJNA661467,rep6,SAMN16058370,1411675022,GEO,public,"fastq,run.zq,sra","gs,ncbi,s3","gs.us-east1,ncbi.public,s3.us-east-1",SRX9075390,GSM4766922,Illumina HiSeq 2500,SINGLE,cDNA,TRANSCRIPTOMIC,Homo sapiens,ILLUMINA,2021-07-17T00:00:00Z,2020-09-04T09:45:00Z,1,GSM4766922,Epithelial cell in human lung adenocarcinoma,SRP280103,uninfected,Calu-3,,,
SRR12588861,mRNA-seq,RNA-Seq,101,2404812121,PRJNA661467,rep4,SAMN16058369,1151131567,GEO,public,"fastq,run.zq,sra","gs,ncbi,s3","gs.us-east1,ncbi.public,s3.us-east-1",SRX9075391,GSM4766923,Illumina HiSeq 2500,SINGLE,cDNA,TRANSCRIPTOMIC,Homo sapiens,ILLUMINA,2021-07-17T00:00:00Z,2020-09-04T09:43:00Z,1,GSM4766923,Epithelial cell in human lung adenocarcinoma,SRP280103,"infected\, 48hpi",Calu-3,MOI 0.1,,
SRR12588862,mRNA-seq,RNA-Seq,101,2326833556,PRJNA661467,rep5,SAMN16058368,1123671410,GEO,public,"fastq,run.zq,sra","gs,ncbi,s3","gs.us-east1,ncbi.public,s3.us-east-1",SRX9075392,GSM4766924,Illumina HiSeq 2500,SINGLE,cDNA,TRANSCRIPTOMIC,Homo sapiens,ILLUMINA,2021-07-17T00:00:00Z,2020-09-04T09:43:00Z,1,GSM4766924,Epithelial cell in human lung adenocarcinoma,SRP280103,"infected\, 48hpi",Calu-3,MOI 0.1,,
SRR12588863,mRNA-seq,RNA-Seq,101,2646662277,PRJNA661467,rep6,SAMN16058367,1268969893,GEO,public,"fastq,run.zq,sra","gs,ncbi,s3","gs.us-east1,ncbi.public,s3.us-east-1",SRX9075393,GSM4766925,Illumina HiSeq 2500,SINGLE,cDNA,TRANSCRIPTOMIC,Homo sapiens,ILLUMINA,2021-07-17T00:00:00Z,2020-09-04T09:44:00Z,1,GSM4766925,Epithelial cell in human lung adenocarcinoma,SRP280103,"infected\, 48hpi",Calu-3,MOI 0.1,,
SRR12588864,RPF-seq,OTHER,51,1312907688,PRJNA661467,rep1,SAMN16058366,713425256,GEO,public,"fastq,run.zq,sra","gs,ncbi,s3","gs.us-east1,ncbi.public,s3.us-east-1",SRX9075394,GSM4766926,Illumina HiSeq 2500,SINGLE,other,TRANSCRIPTOMIC,Homo sapiens,ILLUMINA,2021-07-17T00:00:00Z,2020-09-04T09:42:00Z,1,GSM4766926,Epithelial cell in human lung adenocarcinoma,SRP280103,uninfected,Calu-3,,,
SRR12588865,RPF-seq,OTHER,51,1368064188,PRJNA661467,rep1,SAMN16058365,753218109,GEO,public,"fastq,run.zq,sra","gs,ncbi,s3","gs.us-east1,ncbi.public,s3.us-east-1",SRX9075395,GSM4766927,Illumina HiSeq 2500,SINGLE,other,TRANSCRIPTOMIC,Homo sapiens,ILLUMINA,2021-07-17T00:00:00Z,2020-09-04T09:43:00Z,1,GSM4766927,Epithelial cell in human lung adenocarcinoma,SRP280103,"infected\, 48hpi",Calu-3,MOI 0.1,,
SRR12588866,RPF-seq,OTHER,51,1451845407,PRJNA661467,rep2,SAMN16058364,779764222,GEO,public,"fastq,run.zq,sra","gs,ncbi,s3","gs.us-east1,ncbi.public,s3.us-east-1",SRX9075396,GSM4766928,Illumina HiSeq 2500,SINGLE,other,TRANSCRIPTOMIC,Homo sapiens,ILLUMINA,2021-07-17T00:00:00Z,2020-09-04T09:42:00Z,1,GSM4766928,Epithelial cell in human lung adenocarcinoma,SRP280103,uninfected,Calu-3,,,
SRR12588867,RPF-seq,OTHER,51,1406142624,PRJNA661467,rep2,SAMN16058363,758276786,GEO,public,"fastq,run.zq,sra","gs,ncbi,s3","gs.us-east1,ncbi.public,s3.us-east-1",SRX9075397,GSM4766929,Illumina HiSeq 2500,SINGLE,other,TRANSCRIPTOMIC,Homo sapiens,ILLUMINA,2021-07-17T00:00:00Z,2020-09-04T09:43:00Z,1,GSM4766929,Epithelial cell in human lung adenocarcinoma,SRP280103,"infected\, 48hpi",Calu-3,MOI 0.1,,
SRR12588868,RPF-seq,OTHER,51,1578118653,PRJNA661467,rep3,SAMN16058362,841080523,GEO,public,"fastq,run.zq,sra","gs,ncbi,s3","gs.us-east1,ncbi.public,s3.us-east-1",SRX9075398,GSM4766930,Illumina HiSeq 2500,SINGLE,other,TRANSCRIPTOMIC,Homo sapiens,ILLUMINA,2021-07-17T00:00:00Z,2020-09-04T09:43:00Z,1,GSM4766930,Epithelial cell in human lung adenocarcinoma,SRP280103,uninfected,Calu-3,,,
SRR12588869,RPF-seq,OTHER,51,1153329912,PRJNA661467,rep3,SAMN16058387,625306854,GEO,public,"fastq,run.zq,sra","gs,ncbi,s3","gs.us-east1,ncbi.public,s3.us-east-1",SRX9075399,GSM4766931,Illumina HiSeq 2500,SINGLE,other,TRANSCRIPTOMIC,Homo sapiens,ILLUMINA,2021-07-17T00:00:00Z,2020-09-04T09:44:00Z,1,GSM4766931,Epithelial cell in human lung adenocarcinoma,SRP280103,"infected\, 48hpi",Calu-3,MOI 0.1,,
SRR12588870,QTI-seq,OTHER,51,1459633413,PRJNA661467,rep1,SAMN16058386,797414306,GEO,public,"fastq,run.zq,sra","gs,ncbi,s3","gs.us-east1,ncbi.public,s3.us-east-1",SRX9075400,GSM4766932,Illumina HiSeq 2500,SINGLE,other,TRANSCRIPTOMIC,Homo sapiens,ILLUMINA,2021-07-17T00:00:00Z,2020-09-04T09:42:00Z,1,GSM4766932,Epithelial cell in human lung adenocarcinoma,SRP280103,uninfected,Calu-3,,,
SRR12588871,QTI-seq,OTHER,51,1159455828,PRJNA661467,rep1,SAMN16058385,617099558,GEO,public,"fastq,run.zq,sra","gs,ncbi,s3","gs.us-east1,ncbi.public,s3.us-east-1",SRX9075401,GSM4766933,Illumina HiSeq 2500,SINGLE,other,TRANSCRIPTOMIC,Homo sapiens,ILLUMINA,2021-07-17T00:00:00Z,2020-09-04T09:41:00Z,1,GSM4766933,Epithelial cell in human lung adenocarcinoma,SRP280103,"infected\, 48hpi",Calu-3,MOI 0.1,,
SRR12588872,QTI-seq,OTHER,51,1207853706,PRJNA661467,rep2,SAMN16058384,637940752,GEO,public,"fastq,run.zq,sra","gs,ncbi,s3","gs.us-east1,ncbi.public,s3.us-east-1",SRX9075402,GSM4766934,Illumina HiSeq 2500,SINGLE,other,TRANSCRIPTOMIC,Homo sapiens,ILLUMINA,2021-07-17T00:00:00Z,2020-09-04T09:42:00Z,1,GSM4766934,Epithelial cell in human lung adenocarcinoma,SRP280103,uninfected,Calu-3,,,
SRR12588873,QTI-seq,OTHER,51,1192941357,PRJNA661467,rep2,SAMN16058383,636889809,GEO,public,"fastq,run.zq,sra","gs,ncbi,s3","gs.us-east1,ncbi.public,s3.us-east-1",SRX9075403,GSM4766935,Illumina HiSeq 2500,SINGLE,other,TRANSCRIPTOMIC,Homo sapiens,ILLUMINA,2021-07-17T00:00:00Z,2020-09-04T09:42:00Z,1,GSM4766935,Epithelial cell in human lung adenocarcinoma,SRP280103,"infected\, 48hpi",Calu-3,MOI 0.1,,
SRR12588874,QTI-seq,OTHER,51,1282379292,PRJNA661467,rep3,SAMN16058382,673322346,GEO,public,"fastq,run.zq,sra","gs,ncbi,s3","gs.us-east1,ncbi.public,s3.us-east-1",SRX9075404,GSM4766936,Illumina HiSeq 2500,SINGLE,other,TRANSCRIPTOMIC,Homo sapiens,ILLUMINA,2021-07-17T00:00:00Z,2020-09-04T09:42:00Z,1,GSM4766936,Epithelial cell in human lung adenocarcinoma,SRP280103,uninfected,Calu-3,,,
SRR12588875,QTI-seq,OTHER,51,1188046071,PRJNA661467,rep3,SAMN16058381,629672270,GEO,public,"fastq,run.zq,sra","gs,ncbi,s3","gs.us-east1,ncbi.public,s3.us-east-1",SRX9075405,GSM4766937,Illumina HiSeq 2500,SINGLE,other,TRANSCRIPTOMIC,Homo sapiens,ILLUMINA,2021-07-17T00:00:00Z,2020-09-04T09:41:00Z,1,GSM4766937,Epithelial cell in human lung adenocarcinoma,SRP280103,"infected\, 48hpi",Calu-3,MOI 0.1,,
SRR12588876,small RNA-seq,ncRNA-Seq,51,1068023334,PRJNA661467,rep1,SAMN16058380,572773438,GEO,public,"fastq,run.zq,sra","gs,ncbi,s3","gs.us-east1,ncbi.public,s3.us-east-1",SRX9075406,GSM4766938,Illumina HiSeq 2500,SINGLE,size fractionation,TRANSCRIPTOMIC,Homo sapiens,ILLUMINA,2021-07-17T00:00:00Z,2020-09-04T09:41:00Z,1,GSM4766938,Epithelial cell in human lung adenocarcinoma,SRP280103,uninfected,Calu-3,,,
SRR12588877,small RNA-seq,ncRNA-Seq,51,1367838309,PRJNA661467,rep1,SAMN16058379,725562936,GEO,public,"fastq,run.zq,sra","gs,ncbi,s3","gs.us-east1,ncbi.public,s3.us-east-1",SRX9075407,GSM4766939,Illumina HiSeq 2500,SINGLE,size fractionation,TRANSCRIPTOMIC,Homo sapiens,ILLUMINA,2021-07-17T00:00:00Z,2020-09-04T09:42:00Z,1,GSM4766939,Epithelial cell in human lung adenocarcinoma,SRP280103,"infected\, 48hpi",Calu-3,MOI 0.1,,
SRR15128002,RPF-seq,OTHER,51,635683890,PRJNA661467,rep1,SAMN20203660,313016997,GEO,public,"fastq,run.zq,sra","gs,ncbi,s3","gs.us-east1,ncbi.public,s3.us-east-1",SRX11436710,GSM5449646,Illumina HiSeq 2500,SINGLE,other,TRANSCRIPTOMIC,Homo sapiens,ILLUMINA,2021-07-17T00:00:00Z,2021-07-13T18:43:00Z,1,GSM5449646,Epithelial cell in human lung adenocarcinoma,SRP280103,"infected\, 48hpi",,MOI 0.1,,Calu-3
SRR15128003,RPF-seq,OTHER,51,688988733,PRJNA661467,rep2,SAMN20203659,347338700,GEO,public,"fastq,run.zq,sra","gs,ncbi,s3","gs.us-east1,ncbi.public,s3.us-east-1",SRX11436711,GSM5449647,Illumina HiSeq 2500,SINGLE,other,TRANSCRIPTOMIC,Homo sapiens,ILLUMINA,2021-07-17T00:00:00Z,2021-07-13T18:44:00Z,1,GSM5449647,Epithelial cell in human lung adenocarcinoma,SRP280103,"infected\, 48hpi",,MOI 0.1,,Calu-3
SRR15128004,QTI-seq,OTHER,51,595495278,PRJNA661467,rep1,SAMN20203658,297313038,GEO,public,"fastq,run.zq,sra","gs,ncbi,s3","gs.us-east1,ncbi.public,s3.us-east-1",SRX11436712,GSM5449648,Illumina HiSeq 2500,SINGLE,other,TRANSCRIPTOMIC,Homo sapiens,ILLUMINA,2021-07-17T00:00:00Z,2021-07-13T18:44:00Z,1,GSM5449648,Epithelial cell in human lung adenocarcinoma,SRP280103,"infected\, 48hpi",,MOI 0.1,,Calu-3
SRR15128005,QTI-seq,OTHER,51,597638859,PRJNA661467,rep2,SAMN20203657,294879170,GEO,public,"fastq,run.zq,sra","gs,ncbi,s3","gs.us-east1,ncbi.public,s3.us-east-1",SRX11436713,GSM5449649,Illumina HiSeq 2500,SINGLE,other,TRANSCRIPTOMIC,Homo sapiens,ILLUMINA,2021-07-17T00:00:00Z,2021-07-13T18:44:00Z,1,GSM5449649,Epithelial cell in human lung adenocarcinoma,SRP280103,"infected\, 48hpi",,MOI 0.1,,Calu-3
SRR15128006,RPF-seq,OTHER,51,716383383,PRJNA661467,rep1,SAMN20203656,297691497,GEO,public,"fastq,run.zq,sra","gs,ncbi,s3","gs.us-east1,ncbi.public,s3.us-east-1",SRX11436714,GSM5449650,Illumina HiSeq 2500,SINGLE,other,TRANSCRIPTOMIC,Homo sapiens,ILLUMINA,2021-07-17T00:00:00Z,2021-07-13T18:45:00Z,1,GSM5449650,Epithelial cell in human colorectal adenocarcinoma,SRP280103,uninfected,,,,Caco-2
SRR15128007,RPF-seq,OTHER,51,793632420,PRJNA661467,rep2,SAMN20203687,334186477,GEO,public,"fastq,run.zq,sra","gs,ncbi,s3","gs.us-east1,ncbi.public,s3.us-east-1",SRX11436715,GSM5449651,Illumina HiSeq 2500,SINGLE,other,TRANSCRIPTOMIC,Homo sapiens,ILLUMINA,2021-07-17T00:00:00Z,2021-07-13T18:46:00Z,1,GSM5449651,Epithelial cell in human colorectal adenocarcinoma,SRP280103,uninfected,,,,Caco-2
SRR15128008,RPF-seq,OTHER,51,941387937,PRJNA661467,rep1,SAMN20203686,410588274,GEO,public,"fastq,run.zq,sra","gs,ncbi,s3","gs.us-east1,ncbi.public,s3.us-east-1",SRX11436716,GSM5449652,Illumina HiSeq 2500,SINGLE,other,TRANSCRIPTOMIC,Homo sapiens,ILLUMINA,2021-07-17T00:00:00Z,2021-07-13T18:46:00Z,1,GSM5449652,Epithelial cell in human colorectal adenocarcinoma,SRP280103,"infected\, 48hpi",,MOI 0.1,,Caco-2
SRR15128009,RPF-seq,OTHER,51,899236284,PRJNA661467,rep2,SAMN20203685,389841536,GEO,public,"fastq,run.zq,sra","gs,ncbi,s3","gs.us-east1,ncbi.public,s3.us-east-1",SRX11436717,GSM5449653,Illumina HiSeq 2500,SINGLE,other,TRANSCRIPTOMIC,Homo sapiens,ILLUMINA,2021-07-17T00:00:00Z,2021-07-13T18:47:00Z,1,GSM5449653,Epithelial cell in human colorectal adenocarcinoma,SRP280103,"infected\, 48hpi",,MOI 0.1,,Caco-2
SRR15128010,QTI-seq,OTHER,51,757233414,PRJNA661467,rep1,SAMN20203684,330229017,GEO,public,"fastq,run.zq,sra","gs,ncbi,s3","gs.us-east1,ncbi.public,s3.us-east-1",SRX11436718,GSM5449655,Illumina HiSeq 2500,SINGLE,other,TRANSCRIPTOMIC,Homo sapiens,ILLUMINA,2021-07-17T00:00:00Z,2021-07-13T18:46:00Z,1,GSM5449655,Epithelial cell in human colorectal adenocarcinoma,SRP280103,uninfected,,,,Caco-2
SRR15128011,QTI-seq,OTHER,51,933875280,PRJNA661467,rep2,SAMN20203683,400033955,GEO,public,"fastq,run.zq,sra","gs,ncbi,s3","gs.us-east1,ncbi.public,s3.us-east-1",SRX11436719,GSM5449656,Illumina HiSeq 2500,SINGLE,other,TRANSCRIPTOMIC,Homo sapiens,ILLUMINA,2021-07-17T00:00:00Z,2021-07-13T18:47:00Z,1,GSM5449656,Epithelial cell in human colorectal adenocarcinoma,SRP280103,uninfected,,,,Caco-2
SRR15128012,QTI-seq,OTHER,51,744740352,PRJNA661467,rep1,SAMN20203682,323447136,GEO,public,"fastq,run.zq,sra","gs,ncbi,s3","gs.us-east1,ncbi.public,s3.us-east-1",SRX11436720,GSM5449657,Illumina HiSeq 2500,SINGLE,other,TRANSCRIPTOMIC,Homo sapiens,ILLUMINA,2021-07-17T00:00:00Z,2021-07-13T18:47:00Z,1,GSM5449657,Epithelial cell in human colorectal adenocarcinoma,SRP280103,"infected\, 48hpi",,MOI 0.1,,Caco-2
SRR15128013,QTI-seq,OTHER,51,964072125,PRJNA661467,rep2,SAMN20203681,402936035,GEO,public,"fastq,run.zq,sra","gs,ncbi,s3","gs.us-east1,ncbi.public,s3.us-east-1",SRX11436721,GSM5449658,Illumina HiSeq 2500,SINGLE,other,TRANSCRIPTOMIC,Homo sapiens,ILLUMINA,2021-07-17T00:00:00Z,2021-07-13T18:49:00Z,1,GSM5449658,Epithelial cell in human colorectal adenocarcinoma,SRP280103,"infected\, 48hpi",,MOI 0.1,,Caco-2
